{"stats":{"minecraft:used":{"minecraft:torch":2,"minecraft:crafting_table":2,"minecraft:stone_pickaxe":9,"alexsmobs:animal_dictionary":2,"minecraft:wooden_pickaxe":52,"minecraft:granite":2},"minecraft:crafted":{"minecraft:torch":24,"minecraft:birch_planks":24,"minecraft:crafting_table":1,"minecraft:stick":28,"minecraft:wooden_pickaxe":1,"minecraft:stone_pickaxe":1,"minecraft:stone_sword":1},"minecraft:picked_up":{"minecraft:birch_log":7,"minecraft:crafting_table":1,"minecraft:granite":10,"minecraft:birch_sapling":1,"minecraft:coal":14,"minecraft:cobblestone":36},"minecraft:custom":{"minecraft:time_since_rest":17850,"minecraft:crouch_one_cm":147,"minecraft:play_time":17850,"minecraft:sprint_one_cm":10387,"minecraft:walk_one_cm":13989,"minecraft:sneak_time":24,"minecraft:jump":35,"minecraft:time_since_death":17850,"minecraft:total_world_time":17850,"minecraft:interact_with_crafting_table":2,"minecraft:fly_one_cm":6879},"minecraft:mined":{"minecraft:granite":10,"minecraft:coal_ore":15,"minecraft:birch_log":7,"minecraft:stone":36,"minecraft:crafting_table":1}},"DataVersion":3465}