{"stats":{"minecraft:killed_by":{"born_in_chaos_v1:corpse_fly":1},"minecraft:used":{"minecraft:stone_sword":24,"minecraft:stone_pickaxe":76,"minecraft:wooden_pickaxe":52,"minecraft:cooked_chicken":1,"minecraft:torch":19,"minecraft:crafting_table":2,"minecraft:furnace":1,"alexsmobs:animal_dictionary":2,"minecraft:granite":2},"minecraft:crafted":{"minecraft:crafting_table":1,"minecraft:stick":28,"minecraft:wooden_pickaxe":1,"minecraft:cooked_chicken":1,"minecraft:stone_pickaxe":1,"minecraft:stone_sword":1,"minecraft:furnace":1,"minecraft:birch_planks":24,"minecraft:torch":24},"minecraft:picked_up":{"minecraft:birch_log":7,"minecraft:crafting_table":1,"minecraft:feather":1,"minecraft:chicken":1,"minecraft:stone_sword":6,"minecraft:granite":14,"minecraft:stone_pickaxe":1,"minecraft:birch_sapling":1,"minecraft:coal":27,"minecraft:cobblestone":85},"minecraft:dropped":{"minecraft:stone_pickaxe":1},"minecraft:custom":{"minecraft:time_since_rest":14669,"minecraft:interact_with_furnace":3,"minecraft:sprint_one_cm":61711,"minecraft:damage_taken":270,"minecraft:walk_one_cm":64094,"minecraft:mob_kills":4,"minecraft:drop":1,"minecraft:damage_dealt":1256,"minecraft:interact_with_crafting_table":8,"minecraft:talked_to_villager":1,"minecraft:fly_one_cm":30043,"minecraft:crouch_one_cm":232,"minecraft:play_time":41850,"minecraft:deaths":1,"minecraft:sneak_time":80,"minecraft:jump":203,"minecraft:time_since_death":17068,"minecraft:total_world_time":41850,"minecraft:fall_one_cm":1732},"minecraft:killed":{"minecraft:chicken":1,"born_in_chaos_v1:corpse_fly":3},"minecraft:mined":{"minecraft:birch_log":7,"minecraft:crafting_table":1,"minecraft:granite":14,"minecraft:coal_ore":27,"minecraft:stone":87}},"DataVersion":3465}