{"stats":{"minecraft:killed_by":{"enemyexpansion:sprinter":1,"minecraft:creeper":1,"born_in_chaos_v1:corpse_fly":1},"minecraft:used":{"minecraft:cooked_mutton":3,"minecraft:stone_sword":66,"minecraft:stone_pickaxe":128,"minecraft:wooden_pickaxe":52,"minecraft:cooked_chicken":1,"minecraft:rotten_flesh":2,"minecraft:torch":24,"quark:cherry_chest":1,"minecraft:crafting_table":3,"minecraft:white_bed":2,"minecraft:granite":2,"minecraft:cobblestone":11,"minecraft:chainmail_boots":1,"minecraft:furnace":1,"tombstone:gift":2,"alexsmobs:animal_dictionary":2},"minecraft:crafted":{"minecraft:cherry_planks":8,"minecraft:crafting_table":1,"minecraft:wooden_pickaxe":1,"minecraft:cooked_chicken":1,"minecraft:furnace":1,"minecraft:birch_planks":24,"quark:cherry_chest":1,"minecraft:cooked_mutton":4,"minecraft:stick":28,"minecraft:stone_pickaxe":2,"minecraft:stone_sword":1,"minecraft:white_bed":1,"minecraft:torch":24},"minecraft:picked_up":{"minecraft:birch_log":7,"minecraft:crafting_table":3,"minecraft:feather":1,"minecraft:chainmail_boots":1,"minecraft:chicken":1,"minecraft:bone":2,"minecraft:iron_ingot":2,"minecraft:stone_pickaxe":1,"minecraft:birch_sapling":1,"minecraft:acacia_log":1,"minecraft:gravel":1,"minecraft:cherry_log":2,"minecraft:diorite":8,"minecraft:white_bed":1,"minecraft:stone_sword":6,"minecraft:arrow":2,"minecraft:rotten_flesh":5,"minecraft:granite":14,"minecraft:mutton":4,"minecraft:coal":47,"minecraft:white_wool":3,"minecraft:cobblestone":119},"minecraft:dropped":{"minecraft:stone_pickaxe":1},"minecraft:custom":{"minecraft:interact_with_furnace":6,"minecraft:mob_kills":11,"minecraft:interact_with_crafting_table":13,"minecraft:leave_game":2,"minecraft:time_since_death":13103,"minecraft:sleep_in_bed":4,"minecraft:time_since_rest":6101,"minecraft:sprint_one_cm":103425,"minecraft:damage_taken":1056,"minecraft:walk_one_cm":118595,"tombstone:sneak_grave":1,"minecraft:drop":1,"minecraft:damage_dealt":2546,"minecraft:swim_one_cm":8337,"minecraft:talked_to_villager":1,"minecraft:fly_one_cm":63850,"minecraft:open_chest":7,"minecraft:crouch_one_cm":779,"minecraft:play_time":68449,"tombstone:undead_killed":4,"minecraft:deaths":3,"minecraft:sneak_time":374,"minecraft:walk_under_water_one_cm":17129,"minecraft:jump":422,"minecraft:walk_on_water_one_cm":14683,"minecraft:total_world_time":68449,"minecraft:fall_one_cm":6426},"minecraft:killed":{"born_in_chaos_v1:zombie_lumberjack":2,"undead_revamp2:the_moonflower":1,"minecraft:creeper":1,"minecraft:sheep":2,"minecraft:skeleton":1,"minecraft:chicken":1,"born_in_chaos_v1:corpse_fly":3},"minecraft:mined":{"minecraft:white_bed":1,"minecraft:crafting_table":3,"minecraft:granite":14,"minecraft:diorite":1,"minecraft:birch_log":7,"minecraft:coal_ore":47,"minecraft:gravel":1,"minecraft:stone":117}},"DataVersion":3465}