{"stats":{"minecraft:killed_by":{"enemyexpansion:sprinter":1,"born_in_chaos_v1:corpse_fly":1,"minecraft:creeper":1},"minecraft:used":{"minecraft:stone_sword":54,"minecraft:stone_pickaxe":105,"minecraft:wooden_pickaxe":52,"minecraft:rotten_flesh":2,"minecraft:cooked_chicken":1,"minecraft:torch":23,"minecraft:cobblestone":11,"minecraft:crafting_table":2,"minecraft:furnace":1,"alexsmobs:animal_dictionary":2,"minecraft:granite":2},"minecraft:crafted":{"minecraft:crafting_table":1,"minecraft:stick":28,"minecraft:wooden_pickaxe":1,"minecraft:cooked_chicken":1,"minecraft:stone_pickaxe":2,"minecraft:stone_sword":1,"minecraft:furnace":1,"minecraft:birch_planks":24,"minecraft:torch":24},"minecraft:picked_up":{"minecraft:birch_log":7,"minecraft:crafting_table":2,"minecraft:feather":1,"minecraft:chicken":1,"minecraft:gravel":1,"minecraft:cherry_log":2,"minecraft:diorite":8,"minecraft:bone":2,"minecraft:stone_sword":6,"minecraft:arrow":2,"minecraft:rotten_flesh":4,"minecraft:iron_ingot":1,"minecraft:granite":14,"minecraft:stone_pickaxe":1,"minecraft:birch_sapling":1,"minecraft:coal":27,"minecraft:cobblestone":116},"minecraft:dropped":{"minecraft:stone_pickaxe":1},"minecraft:custom":{"minecraft:time_since_rest":1,"minecraft:interact_with_furnace":3,"minecraft:sprint_one_cm":80604,"minecraft:damage_taken":810,"minecraft:walk_one_cm":96625,"minecraft:mob_kills":8,"minecraft:drop":1,"minecraft:damage_dealt":2227,"minecraft:swim_one_cm":7562,"minecraft:interact_with_crafting_table":10,"minecraft:talked_to_villager":1,"minecraft:fly_one_cm":41360,"tombstone:undead_killed":3,"minecraft:crouch_one_cm":521,"minecraft:play_time":55520,"minecraft:deaths":3,"minecraft:sneak_time":248,"minecraft:walk_under_water_one_cm":5427,"minecraft:jump":328,"minecraft:leave_game":1,"minecraft:walk_on_water_one_cm":12294,"minecraft:time_since_death":174,"minecraft:total_world_time":55520,"minecraft:fall_one_cm":6217},"minecraft:killed":{"minecraft:skeleton":1,"born_in_chaos_v1:zombie_lumberjack":1,"minecraft:chicken":1,"born_in_chaos_v1:corpse_fly":3,"undead_revamp2:the_moonflower":1,"minecraft:creeper":1},"minecraft:mined":{"minecraft:birch_log":7,"minecraft:crafting_table":2,"minecraft:granite":14,"minecraft:coal_ore":27,"minecraft:gravel":1,"minecraft:stone":114,"minecraft:diorite":1}},"DataVersion":3465}