{"stats":{"minecraft:killed_by":{"born_in_chaos_v1:corpse_fly":1},"minecraft:used":{"minecraft:torch":2,"minecraft:stone_sword":21,"minecraft:crafting_table":2,"minecraft:stone_pickaxe":19,"alexsmobs:animal_dictionary":2,"minecraft:wooden_pickaxe":52,"minecraft:granite":2},"minecraft:crafted":{"minecraft:torch":24,"minecraft:birch_planks":24,"minecraft:crafting_table":1,"minecraft:stick":28,"minecraft:wooden_pickaxe":1,"minecraft:stone_pickaxe":1,"minecraft:stone_sword":1},"minecraft:picked_up":{"minecraft:birch_log":7,"minecraft:stone_sword":6,"minecraft:crafting_table":1,"minecraft:granite":10,"minecraft:birch_sapling":1,"minecraft:coal":23,"minecraft:cobblestone":38},"minecraft:custom":{"minecraft:time_since_rest":2669,"minecraft:deaths":1,"minecraft:crouch_one_cm":147,"minecraft:play_time":29850,"minecraft:sprint_one_cm":40568,"minecraft:damage_taken":225,"minecraft:walk_one_cm":39252,"minecraft:sneak_time":49,"minecraft:mob_kills":3,"minecraft:jump":146,"minecraft:damage_dealt":1128,"minecraft:time_since_death":5068,"minecraft:talked_to_villager":1,"minecraft:total_world_time":29850,"minecraft:fall_one_cm":1105,"minecraft:interact_with_crafting_table":2,"minecraft:fly_one_cm":21183},"minecraft:killed":{"born_in_chaos_v1:corpse_fly":3},"minecraft:mined":{"minecraft:granite":10,"minecraft:coal_ore":23,"minecraft:birch_log":7,"minecraft:stone":38,"minecraft:crafting_table":1}},"DataVersion":3465}