{"stats":{"minecraft:killed_by":{"creeperoverhaul:cave_creeper":1,"born_in_chaos_v1:zombie_lumberjack":2},"minecraft:used":{"minecraft:stone_sword":11,"minecraft:stone_pickaxe":47,"minecraft:oak_planks":6,"minecraft:shield":13,"minecraft:wooden_pickaxe":7,"minecraft:iron_sword":35,"minecraft:rotten_flesh":4,"minecraft:crafting_table":2,"minecraft:tuff":6,"minecraft:granite":6,"minecraft:iron_pickaxe":63,"minecraft:stone_axe":34,"minecraft:cobblestone":27,"minecraft:furnace":1,"minecraft:andesite":14,"tombstone:gift":3,"quark:oak_chest":1,"alexsmobs:animal_dictionary":1,"minecraft:cobbled_deepslate":23},"minecraft:crafted":{"minecraft:oak_planks":44,"minecraft:crafting_table":2,"minecraft:wooden_pickaxe":1,"minecraft:iron_sword":1,"minecraft:furnace":1,"minecraft:stone_axe":1,"minecraft:air":0,"minecraft:leather":1,"minecraft:shield":1,"minecraft:stick":12,"quark:oak_chest":1,"minecraft:iron_ingot":8,"minecraft:iron_pickaxe":1,"minecraft:stone_pickaxe":1,"minecraft:stone_sword":1},"minecraft:picked_up":{"minecraft:birch_log":7,"born_in_chaos_v1:corpse_maggot":3,"minecraft:crafting_table":1,"minecraft:andesite":15,"born_in_chaos_v1:seedof_chaos":1,"minecraft:tuff":6,"minecraft:oak_log":11,"quark:forgotten_hat":1,"minecraft:bone":7,"minecraft:apple":1,"minecraft:cobbled_deepslate":31,"minecraft:iron_ingot":1,"minecraft:oak_planks":1,"minecraft:furnace":1,"minecraft:raw_iron":22,"born_in_chaos_v1:ethereal_spirit":2,"earthmobsmod:harder_flesh":2,"minecraft:diorite":2,"alexsmobs:animal_dictionary":1,"minecraft:arrow":5,"minecraft:rotten_flesh":6,"minecraft:diamond":2,"minecraft:granite":6,"minecraft:cobblestone":41},"minecraft:dropped":{"alexsmobs:animal_dictionary":1,"born_in_chaos_v1:ethereal_spirit":1},"minecraft:custom":{"minecraft:interact_with_furnace":9,"minecraft:mob_kills":9,"minecraft:interact_with_crafting_table":13,"minecraft:leave_game":3,"minecraft:time_since_death":2960,"minecraft:sleep_in_bed":1,"minecraft:time_since_rest":2349,"minecraft:sprint_one_cm":49310,"minecraft:damage_taken":1021,"minecraft:walk_one_cm":61560,"minecraft:damage_blocked_by_shield":415,"minecraft:drop":2,"minecraft:damage_dealt":2475,"minecraft:swim_one_cm":2735,"minecraft:fly_one_cm":33276,"minecraft:open_chest":12,"minecraft:crouch_one_cm":6559,"minecraft:play_time":31856,"tombstone:undead_killed":6,"minecraft:deaths":3,"minecraft:sneak_time":3462,"minecraft:walk_under_water_one_cm":7159,"minecraft:jump":309,"minecraft:walk_on_water_one_cm":8214,"minecraft:total_world_time":31856,"minecraft:fall_one_cm":7332},"minecraft:killed":{"earthmobsmod:bouldering_zombie":1,"born_in_chaos_v1:restless_spirit":1,"undead_revamp2:the_moonflower":1,"earthmobsmod:lobber_zombie":1,"born_in_chaos_v1:decrepit_skeleton":1,"quark:forgotten":1,"minecraft:zombie":1,"born_in_chaos_v1:corpse_fly":2},"minecraft:mined":{"minecraft:tuff":6,"minecraft:deepslate_diamond_ore":2,"minecraft:crafting_table":1,"minecraft:granite":6,"minecraft:diorite":3,"minecraft:furnace":1,"minecraft:birch_log":7,"minecraft:iron_ore":11,"minecraft:andesite":15,"minecraft:oak_log":11,"minecraft:deepslate_iron_ore":10,"minecraft:stone":42,"minecraft:oak_leaves":2,"minecraft:deepslate":21}},"DataVersion":3465}