{"stats":{"minecraft:killed_by":{"creeperoverhaul:cave_creeper":1},"minecraft:used":{"minecraft:stone_sword":11,"minecraft:stone_pickaxe":47,"minecraft:oak_planks":6,"minecraft:iron_pickaxe":3,"minecraft:wooden_pickaxe":7,"minecraft:shield":13,"minecraft:iron_sword":9,"minecraft:stone_axe":25,"minecraft:cobblestone":6,"minecraft:crafting_table":2,"minecraft:furnace":1,"minecraft:andesite":2,"alexsmobs:animal_dictionary":1,"minecraft:cobbled_deepslate":6},"minecraft:crafted":{"minecraft:oak_planks":44,"minecraft:shield":1,"minecraft:crafting_table":2,"minecraft:stick":12,"minecraft:wooden_pickaxe":1,"minecraft:iron_ingot":8,"minecraft:iron_pickaxe":1,"minecraft:stone_pickaxe":1,"minecraft:stone_sword":1,"minecraft:iron_sword":1,"minecraft:furnace":1,"minecraft:stone_axe":1,"minecraft:air":0},"minecraft:picked_up":{"minecraft:crafting_table":1,"minecraft:raw_iron":11,"minecraft:andesite":2,"born_in_chaos_v1:ethereal_spirit":2,"minecraft:tuff":6,"minecraft:oak_log":11,"alexsmobs:animal_dictionary":1,"quark:forgotten_hat":1,"minecraft:bone":5,"minecraft:arrow":5,"minecraft:rotten_flesh":4,"minecraft:apple":1,"minecraft:diamond":2,"minecraft:cobbled_deepslate":26,"minecraft:iron_ingot":1,"minecraft:oak_planks":1,"minecraft:cobblestone":14,"minecraft:furnace":1},"minecraft:dropped":{"alexsmobs:animal_dictionary":1,"born_in_chaos_v1:ethereal_spirit":1},"minecraft:custom":{"minecraft:time_since_rest":1,"minecraft:interact_with_furnace":6,"minecraft:sprint_one_cm":16972,"minecraft:damage_taken":305,"minecraft:walk_one_cm":33846,"minecraft:damage_blocked_by_shield":415,"minecraft:mob_kills":5,"minecraft:drop":2,"minecraft:damage_dealt":1337,"minecraft:interact_with_crafting_table":11,"minecraft:fly_one_cm":9501,"minecraft:play_time":20756,"minecraft:crouch_one_cm":5309,"tombstone:undead_killed":4,"minecraft:deaths":1,"minecraft:sneak_time":2977,"minecraft:walk_under_water_one_cm":2966,"minecraft:jump":93,"minecraft:leave_game":3,"minecraft:time_since_death":580,"minecraft:walk_on_water_one_cm":5981,"minecraft:total_world_time":20756,"minecraft:fall_one_cm":2408},"minecraft:killed":{"minecraft:zombie":1,"born_in_chaos_v1:restless_spirit":1,"undead_revamp2:the_moonflower":1,"born_in_chaos_v1:decrepit_skeleton":1,"quark:forgotten":1},"minecraft:mined":{"minecraft:tuff":6,"minecraft:furnace":1,"minecraft:deepslate_diamond_ore":2,"minecraft:andesite":2,"minecraft:crafting_table":1,"minecraft:oak_log":11,"minecraft:deepslate_iron_ore":10,"minecraft:stone":14,"minecraft:diorite":1,"minecraft:oak_leaves":2,"minecraft:deepslate":21}},"DataVersion":3465}