{"stats":{"minecraft:used":{"minecraft:stone_axe":2,"minecraft:crafting_table":1,"minecraft:stone_pickaxe":6,"alexsmobs:animal_dictionary":1,"minecraft:wooden_pickaxe":7},"minecraft:picked_up":{"born_in_chaos_v1:ethereal_spirit":1,"minecraft:oak_log":4,"alexsmobs:animal_dictionary":1,"minecraft:cobblestone":13},"minecraft:crafted":{"minecraft:stone_sword":1,"minecraft:oak_planks":16,"minecraft:stone_axe":1,"minecraft:crafting_table":1,"minecraft:stick":8,"minecraft:stone_pickaxe":1,"minecraft:wooden_pickaxe":1},"minecraft:dropped":{"alexsmobs:animal_dictionary":1},"minecraft:custom":{"minecraft:time_since_rest":8626,"minecraft:crouch_one_cm":97,"minecraft:play_time":8626,"minecraft:sprint_one_cm":9964,"minecraft:damage_taken":20,"minecraft:walk_one_cm":12587,"minecraft:sneak_time":9,"minecraft:mob_kills":1,"minecraft:drop":1,"minecraft:jump":31,"minecraft:damage_dealt":177,"minecraft:time_since_death":8626,"minecraft:total_world_time":8626,"minecraft:interact_with_crafting_table":4,"minecraft:fall_one_cm":1031,"minecraft:fly_one_cm":5093},"minecraft:killed":{"born_in_chaos_v1:restless_spirit":1},"minecraft:mined":{"minecraft:oak_log":4,"minecraft:stone":13}},"DataVersion":3465}